<?xml version="1.0" encoding="UTF-8"?>
<frame version="1.2.0">
  <cameras>
    <camera camera_id="0">
      <photo path="C:/Users/vana0/Pictures/Screenshots/Снимок экрана (1).png">
        <meta>
          <property name="File/ImageHeight" value="1080"/>
          <property name="File/ImageWidth" value="1920"/>
          <property name="System/FileModifyDate" value="2022:12:06 16:16:18"/>
          <property name="System/FileSize" value="977506"/>
        </meta>
      </photo>
    </camera>
    <camera camera_id="1">
      <photo path="C:/Users/vana0/Pictures/Screenshots/Снимок экрана (2).png">
        <meta>
          <property name="File/ImageHeight" value="1080"/>
          <property name="File/ImageWidth" value="1920"/>
          <property name="System/FileModifyDate" value="2022:12:06 16:16:25"/>
          <property name="System/FileSize" value="976379"/>
        </meta>
      </photo>
    </camera>
    <camera camera_id="2">
      <photo path="C:/Users/vana0/Pictures/Screenshots/Снимок экрана (3).png">
        <meta>
          <property name="File/ImageHeight" value="1080"/>
          <property name="File/ImageWidth" value="1920"/>
          <property name="System/FileModifyDate" value="2022:12:06 16:16:26"/>
          <property name="System/FileSize" value="969462"/>
        </meta>
      </photo>
    </camera>
    <camera camera_id="3">
      <photo path="C:/Users/vana0/Pictures/Screenshots/Снимок экрана (4).png">
        <meta>
          <property name="File/ImageHeight" value="1080"/>
          <property name="File/ImageWidth" value="1920"/>
          <property name="System/FileModifyDate" value="2022:12:06 16:16:27"/>
          <property name="System/FileSize" value="962254"/>
        </meta>
      </photo>
    </camera>
    <camera camera_id="4">
      <photo path="C:/Users/vana0/Pictures/Screenshots/Снимок экрана (5).png">
        <meta>
          <property name="File/ImageHeight" value="1080"/>
          <property name="File/ImageWidth" value="1920"/>
          <property name="System/FileModifyDate" value="2022:12:06 16:16:29"/>
          <property name="System/FileSize" value="957679"/>
        </meta>
      </photo>
    </camera>
    <camera camera_id="5">
      <photo path="C:/Users/vana0/Pictures/Screenshots/Снимок экрана (6).png">
        <meta>
          <property name="File/ImageHeight" value="1080"/>
          <property name="File/ImageWidth" value="1920"/>
          <property name="System/FileModifyDate" value="2022:12:06 16:16:30"/>
          <property name="System/FileSize" value="948151"/>
        </meta>
      </photo>
    </camera>
    <camera camera_id="6">
      <photo path="C:/Users/vana0/Pictures/Screenshots/Снимок экрана (7).png">
        <meta>
          <property name="File/ImageHeight" value="1080"/>
          <property name="File/ImageWidth" value="1920"/>
          <property name="System/FileModifyDate" value="2022:12:06 16:16:32"/>
          <property name="System/FileSize" value="940925"/>
        </meta>
      </photo>
    </camera>
    <camera camera_id="7">
      <photo path="C:/Users/vana0/Pictures/Screenshots/Снимок экрана (8).png">
        <meta>
          <property name="File/ImageHeight" value="1080"/>
          <property name="File/ImageWidth" value="1920"/>
          <property name="System/FileModifyDate" value="2022:12:06 16:16:33"/>
          <property name="System/FileSize" value="942716"/>
        </meta>
      </photo>
    </camera>
    <camera camera_id="8">
      <photo path="C:/Users/vana0/Pictures/Screenshots/Снимок экрана (9).png">
        <meta>
          <property name="File/ImageHeight" value="1080"/>
          <property name="File/ImageWidth" value="1920"/>
          <property name="System/FileModifyDate" value="2022:12:06 16:16:34"/>
          <property name="System/FileSize" value="951025"/>
        </meta>
      </photo>
    </camera>
    <camera camera_id="9">
      <photo path="C:/Users/vana0/Pictures/Screenshots/Снимок экрана (10).png">
        <meta>
          <property name="File/ImageHeight" value="1080"/>
          <property name="File/ImageWidth" value="1920"/>
          <property name="System/FileModifyDate" value="2022:12:06 16:16:35"/>
          <property name="System/FileSize" value="967383"/>
        </meta>
      </photo>
    </camera>
    <camera camera_id="10">
      <photo path="C:/Users/vana0/Pictures/Screenshots/Снимок экрана (11).png">
        <meta>
          <property name="File/ImageHeight" value="1080"/>
          <property name="File/ImageWidth" value="1920"/>
          <property name="System/FileModifyDate" value="2022:12:06 16:16:36"/>
          <property name="System/FileSize" value="975271"/>
        </meta>
      </photo>
    </camera>
    <camera camera_id="11">
      <photo path="C:/Users/vana0/Pictures/Screenshots/Снимок экрана (12).png">
        <meta>
          <property name="File/ImageHeight" value="1080"/>
          <property name="File/ImageWidth" value="1920"/>
          <property name="System/FileModifyDate" value="2022:12:06 16:16:37"/>
          <property name="System/FileSize" value="981178"/>
        </meta>
      </photo>
    </camera>
    <camera camera_id="12">
      <photo path="C:/Users/vana0/Pictures/Screenshots/Снимок экрана (13).png">
        <meta>
          <property name="File/ImageHeight" value="1080"/>
          <property name="File/ImageWidth" value="1920"/>
          <property name="System/FileModifyDate" value="2022:12:06 16:16:38"/>
          <property name="System/FileSize" value="986802"/>
        </meta>
      </photo>
    </camera>
    <camera camera_id="13">
      <photo path="C:/Users/vana0/Pictures/Screenshots/Снимок экрана (14).png">
        <meta>
          <property name="File/ImageHeight" value="1080"/>
          <property name="File/ImageWidth" value="1920"/>
          <property name="System/FileModifyDate" value="2022:12:06 16:16:40"/>
          <property name="System/FileSize" value="982672"/>
        </meta>
      </photo>
    </camera>
    <camera camera_id="14">
      <photo path="C:/Users/vana0/Pictures/Screenshots/Снимок экрана (15).png">
        <meta>
          <property name="File/ImageHeight" value="1080"/>
          <property name="File/ImageWidth" value="1920"/>
          <property name="System/FileModifyDate" value="2022:12:06 16:16:40"/>
          <property name="System/FileSize" value="979113"/>
        </meta>
      </photo>
    </camera>
    <camera camera_id="15">
      <photo path="C:/Users/vana0/Pictures/Screenshots/Снимок экрана (16).png">
        <meta>
          <property name="File/ImageHeight" value="1080"/>
          <property name="File/ImageWidth" value="1920"/>
          <property name="System/FileModifyDate" value="2022:12:06 16:16:41"/>
          <property name="System/FileSize" value="969729"/>
        </meta>
      </photo>
    </camera>
    <camera camera_id="16">
      <photo path="C:/Users/vana0/Pictures/Screenshots/Снимок экрана (17).png">
        <meta>
          <property name="File/ImageHeight" value="1080"/>
          <property name="File/ImageWidth" value="1920"/>
          <property name="System/FileModifyDate" value="2022:12:06 16:16:43"/>
          <property name="System/FileSize" value="959909"/>
        </meta>
      </photo>
    </camera>
    <camera camera_id="17">
      <photo path="C:/Users/vana0/Pictures/Screenshots/Снимок экрана (18).png">
        <meta>
          <property name="File/ImageHeight" value="1080"/>
          <property name="File/ImageWidth" value="1920"/>
          <property name="System/FileModifyDate" value="2022:12:06 16:16:44"/>
          <property name="System/FileSize" value="957927"/>
        </meta>
      </photo>
    </camera>
    <camera camera_id="18">
      <photo path="C:/Users/vana0/Pictures/Screenshots/Снимок экрана (19).png">
        <meta>
          <property name="File/ImageHeight" value="1080"/>
          <property name="File/ImageWidth" value="1920"/>
          <property name="System/FileModifyDate" value="2022:12:06 16:16:45"/>
          <property name="System/FileSize" value="957299"/>
        </meta>
      </photo>
    </camera>
    <camera camera_id="19">
      <photo path="C:/Users/vana0/Pictures/Screenshots/Снимок экрана (20).png">
        <meta>
          <property name="File/ImageHeight" value="1080"/>
          <property name="File/ImageWidth" value="1920"/>
          <property name="System/FileModifyDate" value="2022:12:06 16:16:46"/>
          <property name="System/FileSize" value="969048"/>
        </meta>
      </photo>
    </camera>
    <camera camera_id="20">
      <photo path="C:/Users/vana0/Pictures/Screenshots/Снимок экрана (21).png">
        <meta>
          <property name="File/ImageHeight" value="1080"/>
          <property name="File/ImageWidth" value="1920"/>
          <property name="System/FileModifyDate" value="2022:12:06 16:16:47"/>
          <property name="System/FileSize" value="978987"/>
        </meta>
      </photo>
    </camera>
    <camera camera_id="21">
      <photo path="C:/Users/vana0/Pictures/Screenshots/Снимок экрана (22).png">
        <meta>
          <property name="File/ImageHeight" value="1080"/>
          <property name="File/ImageWidth" value="1920"/>
          <property name="System/FileModifyDate" value="2022:12:06 16:16:48"/>
          <property name="System/FileSize" value="980921"/>
        </meta>
      </photo>
    </camera>
    <camera camera_id="22">
      <photo path="C:/Users/vana0/Pictures/Screenshots/Снимок экрана (23).png">
        <meta>
          <property name="File/ImageHeight" value="1080"/>
          <property name="File/ImageWidth" value="1920"/>
          <property name="System/FileModifyDate" value="2022:12:06 16:16:50"/>
          <property name="System/FileSize" value="982889"/>
        </meta>
      </photo>
    </camera>
    <camera camera_id="23">
      <photo path="C:/Users/vana0/Pictures/Screenshots/Снимок экрана (24).png">
        <meta>
          <property name="File/ImageHeight" value="1080"/>
          <property name="File/ImageWidth" value="1920"/>
          <property name="System/FileModifyDate" value="2022:12:06 16:16:51"/>
          <property name="System/FileSize" value="981872"/>
        </meta>
      </photo>
    </camera>
    <camera camera_id="24">
      <photo path="C:/Users/vana0/Pictures/Screenshots/Снимок экрана (25).png">
        <meta>
          <property name="File/ImageHeight" value="1080"/>
          <property name="File/ImageWidth" value="1920"/>
          <property name="System/FileModifyDate" value="2022:12:06 16:16:53"/>
          <property name="System/FileSize" value="977928"/>
        </meta>
      </photo>
    </camera>
    <camera camera_id="25">
      <photo path="C:/Users/vana0/Pictures/Screenshots/Снимок экрана (26).png">
        <meta>
          <property name="File/ImageHeight" value="1080"/>
          <property name="File/ImageWidth" value="1920"/>
          <property name="System/FileModifyDate" value="2022:12:06 16:16:58"/>
          <property name="System/FileSize" value="973741"/>
        </meta>
      </photo>
    </camera>
    <camera camera_id="26">
      <photo path="C:/Users/vana0/Pictures/Screenshots/Снимок экрана (27).png">
        <meta>
          <property name="File/ImageHeight" value="1080"/>
          <property name="File/ImageWidth" value="1920"/>
          <property name="System/FileModifyDate" value="2022:12:06 16:16:59"/>
          <property name="System/FileSize" value="973802"/>
        </meta>
      </photo>
    </camera>
    <camera camera_id="27">
      <photo path="C:/Users/vana0/Pictures/Screenshots/Снимок экрана (28).png">
        <meta>
          <property name="File/ImageHeight" value="1080"/>
          <property name="File/ImageWidth" value="1920"/>
          <property name="System/FileModifyDate" value="2022:12:06 16:17:01"/>
          <property name="System/FileSize" value="968247"/>
        </meta>
      </photo>
    </camera>
    <camera camera_id="28">
      <photo path="C:/Users/vana0/Pictures/Screenshots/Снимок экрана (29).png">
        <meta>
          <property name="File/ImageHeight" value="1080"/>
          <property name="File/ImageWidth" value="1920"/>
          <property name="System/FileModifyDate" value="2022:12:06 16:17:02"/>
          <property name="System/FileSize" value="965464"/>
        </meta>
      </photo>
    </camera>
    <camera camera_id="29">
      <photo path="C:/Users/vana0/Pictures/Screenshots/Снимок экрана (30).png">
        <meta>
          <property name="File/ImageHeight" value="1080"/>
          <property name="File/ImageWidth" value="1920"/>
          <property name="System/FileModifyDate" value="2022:12:06 16:17:03"/>
          <property name="System/FileSize" value="963133"/>
        </meta>
      </photo>
    </camera>
    <camera camera_id="30">
      <photo path="C:/Users/vana0/Pictures/Screenshots/Снимок экрана (31).png">
        <meta>
          <property name="File/ImageHeight" value="1080"/>
          <property name="File/ImageWidth" value="1920"/>
          <property name="System/FileModifyDate" value="2022:12:06 16:17:04"/>
          <property name="System/FileSize" value="956251"/>
        </meta>
      </photo>
    </camera>
    <camera camera_id="31">
      <photo path="C:/Users/vana0/Pictures/Screenshots/Снимок экрана (32).png">
        <meta>
          <property name="File/ImageHeight" value="1080"/>
          <property name="File/ImageWidth" value="1920"/>
          <property name="System/FileModifyDate" value="2022:12:06 16:17:05"/>
          <property name="System/FileSize" value="950492"/>
        </meta>
      </photo>
    </camera>
    <camera camera_id="32">
      <photo path="C:/Users/vana0/Pictures/Screenshots/Снимок экрана (33).png">
        <meta>
          <property name="File/ImageHeight" value="1080"/>
          <property name="File/ImageWidth" value="1920"/>
          <property name="System/FileModifyDate" value="2022:12:06 16:17:07"/>
          <property name="System/FileSize" value="951616"/>
        </meta>
      </photo>
    </camera>
    <camera camera_id="33">
      <photo path="C:/Users/vana0/Pictures/Screenshots/Снимок экрана (34).png">
        <meta>
          <property name="File/ImageHeight" value="1080"/>
          <property name="File/ImageWidth" value="1920"/>
          <property name="System/FileModifyDate" value="2022:12:06 16:17:08"/>
          <property name="System/FileSize" value="960566"/>
        </meta>
      </photo>
    </camera>
    <camera camera_id="34">
      <photo path="C:/Users/vana0/Pictures/Screenshots/Снимок экрана (35).png">
        <meta>
          <property name="File/ImageHeight" value="1080"/>
          <property name="File/ImageWidth" value="1920"/>
          <property name="System/FileModifyDate" value="2022:12:06 16:17:09"/>
          <property name="System/FileSize" value="972217"/>
        </meta>
      </photo>
    </camera>
    <camera camera_id="35">
      <photo path="C:/Users/vana0/Pictures/Screenshots/Снимок экрана (36).png">
        <meta>
          <property name="File/ImageHeight" value="1080"/>
          <property name="File/ImageWidth" value="1920"/>
          <property name="System/FileModifyDate" value="2022:12:06 16:17:10"/>
          <property name="System/FileSize" value="978123"/>
        </meta>
      </photo>
    </camera>
    <camera camera_id="36">
      <photo path="C:/Users/vana0/Pictures/Screenshots/Снимок экрана (37).png">
        <meta>
          <property name="File/ImageHeight" value="1080"/>
          <property name="File/ImageWidth" value="1920"/>
          <property name="System/FileModifyDate" value="2022:12:06 16:17:12"/>
          <property name="System/FileSize" value="979084"/>
        </meta>
      </photo>
    </camera>
    <camera camera_id="37">
      <photo path="C:/Users/vana0/Pictures/Screenshots/Снимок экрана (38).png">
        <meta>
          <property name="File/ImageHeight" value="1080"/>
          <property name="File/ImageWidth" value="1920"/>
          <property name="System/FileModifyDate" value="2022:12:06 16:17:13"/>
          <property name="System/FileSize" value="983033"/>
        </meta>
      </photo>
    </camera>
    <camera camera_id="38">
      <photo path="C:/Users/vana0/Pictures/Screenshots/Снимок экрана (39).png">
        <meta>
          <property name="File/ImageHeight" value="1080"/>
          <property name="File/ImageWidth" value="1920"/>
          <property name="System/FileModifyDate" value="2022:12:06 16:17:14"/>
          <property name="System/FileSize" value="985804"/>
        </meta>
      </photo>
    </camera>
    <camera camera_id="39">
      <photo path="C:/Users/vana0/Pictures/Screenshots/Снимок экрана (40).png">
        <meta>
          <property name="File/ImageHeight" value="1080"/>
          <property name="File/ImageWidth" value="1920"/>
          <property name="System/FileModifyDate" value="2022:12:06 16:17:15"/>
          <property name="System/FileSize" value="985294"/>
        </meta>
      </photo>
    </camera>
    <camera camera_id="40">
      <photo path="C:/Users/vana0/Pictures/Screenshots/Снимок экрана (41).png">
        <meta>
          <property name="File/ImageHeight" value="1080"/>
          <property name="File/ImageWidth" value="1920"/>
          <property name="System/FileModifyDate" value="2022:12:06 16:17:17"/>
          <property name="System/FileSize" value="975454"/>
        </meta>
      </photo>
    </camera>
    <camera camera_id="41">
      <photo path="C:/Users/vana0/Pictures/Screenshots/Снимок экрана (42).png">
        <meta>
          <property name="File/ImageHeight" value="1080"/>
          <property name="File/ImageWidth" value="1920"/>
          <property name="System/FileModifyDate" value="2022:12:06 16:17:19"/>
          <property name="System/FileSize" value="968910"/>
        </meta>
      </photo>
    </camera>
    <camera camera_id="42">
      <photo path="C:/Users/vana0/Pictures/Screenshots/Снимок экрана (43).png">
        <meta>
          <property name="File/ImageHeight" value="1080"/>
          <property name="File/ImageWidth" value="1920"/>
          <property name="System/FileModifyDate" value="2022:12:06 16:17:20"/>
          <property name="System/FileSize" value="964445"/>
        </meta>
      </photo>
    </camera>
    <camera camera_id="43">
      <photo path="C:/Users/vana0/Pictures/Screenshots/Снимок экрана (44).png">
        <meta>
          <property name="File/ImageHeight" value="1080"/>
          <property name="File/ImageWidth" value="1920"/>
          <property name="System/FileModifyDate" value="2022:12:06 16:17:21"/>
          <property name="System/FileSize" value="963536"/>
        </meta>
      </photo>
    </camera>
    <camera camera_id="44">
      <photo path="C:/Users/vana0/Pictures/Screenshots/Снимок экрана (45).png">
        <meta>
          <property name="File/ImageHeight" value="1080"/>
          <property name="File/ImageWidth" value="1920"/>
          <property name="System/FileModifyDate" value="2022:12:06 16:17:22"/>
          <property name="System/FileSize" value="976120"/>
        </meta>
      </photo>
    </camera>
    <camera camera_id="45">
      <photo path="C:/Users/vana0/Pictures/Screenshots/Снимок экрана (46).png">
        <meta>
          <property name="File/ImageHeight" value="1080"/>
          <property name="File/ImageWidth" value="1920"/>
          <property name="System/FileModifyDate" value="2022:12:06 16:17:24"/>
          <property name="System/FileSize" value="981147"/>
        </meta>
      </photo>
    </camera>
    <camera camera_id="46">
      <photo path="C:/Users/vana0/Pictures/Screenshots/Снимок экрана (47).png">
        <meta>
          <property name="File/ImageHeight" value="1080"/>
          <property name="File/ImageWidth" value="1920"/>
          <property name="System/FileModifyDate" value="2022:12:06 16:17:25"/>
          <property name="System/FileSize" value="982550"/>
        </meta>
      </photo>
    </camera>
    <camera camera_id="47">
      <photo path="C:/Users/vana0/Pictures/Screenshots/Снимок экрана (48).png">
        <meta>
          <property name="File/ImageHeight" value="1080"/>
          <property name="File/ImageWidth" value="1920"/>
          <property name="System/FileModifyDate" value="2022:12:06 16:17:26"/>
          <property name="System/FileSize" value="979913"/>
        </meta>
      </photo>
    </camera>
    <camera camera_id="48">
      <photo path="C:/Users/vana0/Pictures/Screenshots/Снимок экрана (49).png">
        <meta>
          <property name="File/ImageHeight" value="1080"/>
          <property name="File/ImageWidth" value="1920"/>
          <property name="System/FileModifyDate" value="2022:12:06 16:17:28"/>
          <property name="System/FileSize" value="978944"/>
        </meta>
      </photo>
    </camera>
    <camera camera_id="49">
      <photo path="C:/Users/vana0/Pictures/Screenshots/Снимок экрана (50).png">
        <meta>
          <property name="File/ImageHeight" value="1080"/>
          <property name="File/ImageWidth" value="1920"/>
          <property name="System/FileModifyDate" value="2022:12:06 16:17:29"/>
          <property name="System/FileSize" value="974359"/>
        </meta>
      </photo>
    </camera>
  </cameras>
  <thumbnails path="thumbnails/thumbnails.zip"/>
  <point_cloud path="point_cloud/point_cloud.zip"/>
  <depth_maps id="0" path="depth_maps/depth_maps.zip"/>
  <dense_cloud id="0" path="dense_cloud/dense_cloud.zip"/>
  <model id="0" path="model/model.zip"/>
</frame>
