<?xml version="1.0" encoding="UTF-8"?>
<point_cloud version="1.2.0">
  <params>
    <dataType>uint8</dataType>
    <bands>
      <band label="Red"/>
      <band label="Green"/>
      <band label="Blue"/>
    </bands>
  </params>
  <tracks path="tracks.ply" count="6294"/>
  <points component_id="0" path="points0.ply" count="4251"/>
  <projections camera_id="0" path="p0.ply" count="415"/>
  <projections camera_id="1" path="p1.ply" count="476"/>
  <projections camera_id="2" path="p2.ply" count="344"/>
  <projections camera_id="3" path="p3.ply" count="486"/>
  <projections camera_id="4" path="p4.ply" count="475"/>
  <projections camera_id="5" path="p5.ply" count="398"/>
  <projections camera_id="6" path="p6.ply" count="373"/>
  <projections camera_id="7" path="p7.ply" count="303"/>
  <projections camera_id="8" path="p8.ply" count="353"/>
  <projections camera_id="9" path="p9.ply" count="308"/>
  <projections camera_id="10" path="p10.ply" count="423"/>
  <projections camera_id="11" path="p11.ply" count="603"/>
  <projections camera_id="12" path="p12.ply" count="679"/>
  <projections camera_id="13" path="p13.ply" count="583"/>
  <projections camera_id="14" path="p14.ply" count="591"/>
  <projections camera_id="15" path="p15.ply" count="455"/>
  <projections camera_id="16" path="p16.ply" count="358"/>
  <projections camera_id="17" path="p17.ply" count="198"/>
  <projections camera_id="18" path="p18.ply" count="266"/>
  <projections camera_id="19" path="p19.ply" count="421"/>
  <projections camera_id="20" path="p20.ply" count="462"/>
  <projections camera_id="21" path="p21.ply" count="491"/>
  <projections camera_id="22" path="p22.ply" count="482"/>
  <projections camera_id="23" path="p23.ply" count="541"/>
  <projections camera_id="24" path="p24.ply" count="433"/>
  <projections camera_id="25" path="p25.ply" count="450"/>
  <projections camera_id="26" path="p26.ply" count="441"/>
  <projections camera_id="27" path="p27.ply" count="408"/>
  <projections camera_id="28" path="p28.ply" count="521"/>
  <projections camera_id="29" path="p29.ply" count="315"/>
  <projections camera_id="30" path="p30.ply" count="226"/>
  <projections camera_id="31" path="p31.ply" count="432"/>
  <projections camera_id="32" path="p32.ply" count="301"/>
  <projections camera_id="33" path="p33.ply" count="399"/>
  <projections camera_id="34" path="p34.ply" count="524"/>
  <projections camera_id="35" path="p35.ply" count="514"/>
  <projections camera_id="36" path="p36.ply" count="573"/>
  <projections camera_id="37" path="p37.ply" count="626"/>
  <projections camera_id="38" path="p38.ply" count="384"/>
  <projections camera_id="39" path="p39.ply" count="473"/>
  <projections camera_id="40" path="p40.ply" count="409"/>
  <projections camera_id="41" path="p41.ply" count="343"/>
  <projections camera_id="42" path="p42.ply" count="199"/>
  <projections camera_id="43" path="p43.ply" count="231"/>
  <projections camera_id="44" path="p44.ply" count="437"/>
  <projections camera_id="45" path="p45.ply" count="446"/>
  <projections camera_id="46" path="p46.ply" count="411"/>
  <projections camera_id="47" path="p47.ply" count="425"/>
  <projections camera_id="48" path="p48.ply" count="522"/>
  <projections camera_id="49" path="p49.ply" count="425"/>
  <meta>
    <property name="Info/LastSavedDateTime" value="2022:12:06 11:43:55"/>
    <property name="Info/LastSavedSoftwareVersion" value="1.8.4.14856"/>
    <property name="Info/OriginalDateTime" value="2022:12:06 11:18:37"/>
    <property name="Info/OriginalSoftwareVersion" value="1.8.4.14856"/>
    <property name="MatchPhotos/cameras" value=""/>
    <property name="MatchPhotos/descriptor_type" value="binary"/>
    <property name="MatchPhotos/descriptor_version" value="1.1.0"/>
    <property name="MatchPhotos/downscale" value="1"/>
    <property name="MatchPhotos/duration" value="6.556"/>
    <property name="MatchPhotos/filter_stationary_points" value="true"/>
    <property name="MatchPhotos/generic_preselection" value="true"/>
    <property name="MatchPhotos/guided_matching" value="false"/>
    <property name="MatchPhotos/keep_keypoints" value="false"/>
    <property name="MatchPhotos/keypoint_limit" value="40000"/>
    <property name="MatchPhotos/keypoint_limit_per_mpx" value="1000"/>
    <property name="MatchPhotos/max_workgroup_size" value="100"/>
    <property name="MatchPhotos/ram_used" value="154865664"/>
    <property name="MatchPhotos/reference_preselection" value="false"/>
    <property name="MatchPhotos/reference_preselection_mode" value="0"/>
    <property name="MatchPhotos/reset_matches" value="false"/>
    <property name="MatchPhotos/subdivide_task" value="true"/>
    <property name="MatchPhotos/tiepoint_limit" value="4000"/>
    <property name="MatchPhotos/workitem_size_cameras" value="20"/>
    <property name="MatchPhotos/workitem_size_pairs" value="80"/>
  </meta>
</point_cloud>
